commodity,spec,n_obs,r_squared,rmse_train,dw_stat,beta_tonnage,beta_tonnage_se,beta_lag4,beta_m1,beta_m2,beta_m3,rmse_valid,rmse_naive,ratio_vs_naive
iron_ore,midas,23,0.9153718281955423,0.014042301637699815,1.437960671488137,0.4653664165333736,0.08185722155796274,0.9783988708046745,0.23594377331365973,0.09982556565205121,0.12959707756766264,4.616458578237782,5.777794446198665,0.7990001411827742
coal,aggregate,23,0.8650647060719202,0.020951581889817276,2.0173290928405883,0.7742541883241694,0.09204692654260456,0.7318182773711669,NA,NA,NA,2.1372570976421437,4.246736901609143,0.5032704278977842
